,rightankle,leftankle,rightknee,leftknee,righthip,lefthip,rightshoulder,leftshoulder,rightankle leftankle,rightankle rightknee,rightankle leftknee,rightankle righthip,rightankle lefthip,rightankle rightshoulder,rightankle leftshoulder,leftankle rightknee,leftankle leftknee,leftankle righthip,leftankle lefthip,leftankle rightshoulder,leftankle leftshoulder,rightknee leftknee,rightknee righthip,rightknee lefthip,rightknee rightshoulder,rightknee leftshoulder,leftknee righthip,leftknee lefthip,leftknee rightshoulder,leftknee leftshoulder,righthip lefthip,righthip rightshoulder,righthip leftshoulder,lefthip rightshoulder,lefthip leftshoulder,rightshoulder leftshoulder,curve
0,133.98,127.15,172.2,163.53,135.69,145.09,16.98,5.83,17035.557,23071.355999999996,21909.749399999997,18179.746199999998,19439.158199999998,2274.9804,781.1034,21895.23,20792.839500000002,17252.983500000002,18448.1935,2159.007,741.2845000000001,28159.865999999998,23365.818,24984.498,2923.9559999999997,1003.9259999999999,22189.3857,23726.5677,2776.7394,953.3799,19687.2621,2304.0162,791.0726999999999,2463.6282,845.8747000000001,98.99340000000001,1
1,163.77,170.9,166.09,169.52,145.64,155.28,17.55,54.36,27988.293,27200.5593,27762.2904,23851.462799999998,25430.2056,2874.1635,8902.5372,28384.781000000003,28970.968000000004,24889.876,26537.352000000003,2999.295,9290.124,28155.576800000003,24189.347599999997,25790.4552,2914.8795,9028.6524,24688.892799999998,26323.0656,2975.0760000000005,9215.1072,22614.979199999998,2555.982,7916.990399999999,2725.164,8441.0208,954.018,1
2,146.9,125.13,170.16,170.69,135.86,146.55,15.4,47.6,18381.597,24996.504,25074.361,19957.834000000003,21528.195000000003,2262.26,6992.4400000000005,21292.1208,21358.4397,17000.1618,18337.8015,1927.002,5956.188,29044.610399999998,23117.9376,24936.948,2620.464,8099.616,23189.943400000004,25014.6195,2628.626,8124.844,19910.283000000003,2092.244,6466.936000000001,2256.8700000000003,6975.780000000001,733.0400000000001,1
3,158.59,155.23,176.81,169.58,137.37,161.93,45.66,96.25,24617.9257,28040.2979,26893.6922,21785.5083,25680.478700000003,7241.2194,15264.2875,27446.2163,26323.9034,21323.9451,25136.3939,7087.801799999999,14940.887499999999,29983.439800000004,24288.3897,28630.8433,8073.1446,17017.9625,23295.2046,27460.089400000004,7743.0228,16322.075,22244.3241,6272.3142,13221.862500000001,7393.7238,15585.7625,4394.775,1
4,149.31,157.42,160.25,157.07,135.32,142.02,14.47,1.47,23504.3802,23926.9275,23452.1217,20204.6292,21205.006200000003,2160.5157,219.4857,25226.554999999997,24725.959399999996,21302.074399999998,22356.7884,2277.8674,231.40739999999997,25170.4675,21685.03,22758.705,2318.8175,235.5675,21254.712399999997,22307.0814,2272.8029,230.8929,19218.1464,1958.0804,198.92039999999997,2055.0294000000004,208.76940000000002,21.2709,1
5,137.53,93.99,169.46,164.63,138.76,140.19,27.87,9.5,12926.4447,23305.8338,22641.5639,19083.6628,19280.3307,3832.9611,1306.535,15927.545399999999,15473.573699999999,13042.052399999999,13176.4581,2619.5013,892.905,27898.199800000002,23514.2696,23756.597400000002,4722.850200000001,1609.8700000000001,22844.0588,23079.4797,4588.2381000000005,1563.985,19452.7644,3867.2412,1318.2199999999998,3907.0953,1331.805,264.765,1
6,159.48,164.44,175.42,175.11,145.45,170.17,36.19,65.99,26224.8912,27975.981599999996,27926.5428,23196.365999999998,27138.711599999995,5771.5812,10524.085199999998,28846.064799999996,28795.0884,23917.798,27982.7548,5951.0836,10851.3956,30717.7962,25514.838999999996,29851.221399999995,6348.449799999999,11575.965799999998,25469.7495,29798.4687,6337.2309000000005,11555.5089,24751.226499999997,5263.835499999999,9598.245499999999,6158.452299999999,11229.518299999998,2388.1780999999996,1
7,141.88,151.71,160.41,152.55,141.61,139.69,10.18,25.96,21524.6148,22758.9708,21643.794,20091.626800000002,19819.2172,1444.3383999999999,3683.2048,24335.8011,23143.360500000003,21483.653100000003,21192.3699,1544.4078,3938.3916000000004,24470.5455,22715.6601,22407.672899999998,1632.9738,4164.2436,21602.605500000005,21309.7095,1552.959,3960.1980000000003,19781.500900000003,1441.5898000000002,3676.1956000000005,1422.0442,3626.3524,264.2728,1
8,136.87,141.48,159.76,159.08,146.51,146.48,2.13,16.53,19364.367599999998,21866.3512,21773.2796,20052.8237,20048.7176,291.5331,2262.4611000000004,22602.844799999995,22506.6384,20728.2348,20723.9904,301.3524,2338.6644,25414.6208,23406.437599999997,23401.6448,340.2888,2640.8328,23306.8108,23302.0384,338.8404,2629.5924000000005,21460.784799999998,312.06629999999996,2421.8103,312.00239999999997,2421.3144,35.2089,1
9,167.33,175.88,174.92,179.15,140.72,154.12,20.89,53.05,29430.0004,29269.3636,29977.169500000004,23546.677600000003,25788.899600000004,3495.5237,8876.8565,30764.929599999996,31508.902000000002,24749.833599999998,27106.6256,3674.1332,9330.434,31336.917999999998,24614.7424,26958.6704,3654.0788,9279.506,25209.988,27610.598,3742.4435000000003,9503.9075,21687.7664,2939.6408,7465.196,3219.5668,8176.066,1108.2145,1
10,117.38,117.76,173.61,154.64,149.59,143.61,2.45,2.36,13822.6688,20378.341800000002,18151.6432,17558.8742,16856.9418,287.581,277.0168,20444.3136,18210.4064,17615.7184,16911.513600000002,288.51200000000006,277.9136,26847.0504,25970.319900000002,24932.132100000003,425.34450000000004,409.7196,23132.597599999997,22207.8504,378.868,364.95039999999995,21482.6199,366.49550000000005,353.0324,351.84450000000004,338.9196,5.782,1
11,117.96,119.33,173.24,161.54,142.21,147.6,21.44,35.72,14076.166799999999,20435.3904,19055.2584,16775.0916,17410.895999999997,2529.0624,4213.531199999999,20672.7292,19276.568199999998,16969.9193,17613.108,2558.4352,4262.4676,27985.1896,24636.460400000004,25570.224000000002,3714.2656000000006,6188.1328,22972.6034,23843.303999999996,3463.4176,5770.208799999999,20990.196,3048.9824000000003,5079.7412,3164.544,5272.272,765.8368,1
12,157.17,165.71,170.21,173.09,138.62,155.05,19.93,50.19,26044.6407,26751.9057,27204.5553,21786.9054,24369.2085,3132.3981,7888.362299999999,28205.4991,28682.7439,22970.720200000003,25693.335500000005,3302.6003,8316.9849,29461.6489,23594.5102,26391.060500000003,3392.2853,8542.8399,23993.735800000002,26837.6045,3449.6837,8687.3871,21493.031000000003,2762.6966,6957.3378,3090.1465000000003,7781.9595,1000.2867,1
13,128.43,115.37,167.3,165.26,137.86,145.81,12.63,16.42,14816.969100000002,21486.339000000004,21224.3418,17705.359800000002,18726.3783,1622.0709000000002,2108.8206000000005,19301.401,19066.0462,15904.908200000002,16822.099700000002,1457.1231000000002,1894.3754000000004,27647.998,23063.978000000003,24394.013000000003,2112.9990000000003,2747.0660000000003,22782.7436,24096.5606,2087.2338,2713.5692,20101.3666,1741.1718000000003,2263.6612000000005,1841.5803,2394.2002,207.38460000000003,1
14,176.49,148.22,179.62,163.18,153.3,160.38,0.24,77.63,26159.3478,31701.133800000003,28799.6382,27055.917000000005,28305.4662,42.3576,13700.9187,26623.2764,24186.5396,22722.126,23771.5236,35.5728,11506.318599999999,29310.391600000003,27535.746000000003,28807.4556,43.1088,13943.900599999999,25015.494000000002,26170.8084,39.1632,12667.6634,24586.254,36.792,11900.679,38.4912,12450.299399999998,18.6312,1
15,116.99,132.51,156.94,141.89,136.64,136.3,19.33,1.76,15502.344899999998,18360.4106,16599.711099999997,15985.513599999998,15945.737000000001,2261.4166999999998,205.9024,20796.1194,18801.843899999996,18106.1664,18061.113,2561.4183,233.21759999999998,22268.216599999996,21444.2816,21390.922000000002,3033.6501999999996,276.2144,19387.849599999998,19339.607,2742.7336999999993,249.72639999999998,18624.032,2641.2511999999997,240.48639999999997,2634.679,239.88800000000003,34.020799999999994,1
16,131.85,130.28,165.41,168.09,142.44,151.47,10.86,42.21,17177.417999999998,21809.3085,22162.6665,18780.714,19971.319499999998,1431.8909999999998,5565.3885,21549.6148,21898.7652,18557.0832,19733.5116,1414.8408,5499.1188,27803.7669,23561.0004,25054.6527,1796.3526,6981.9561,23942.7396,25460.5923,1825.4574,7095.0789,21575.3868,1546.8983999999998,6012.3924,1644.9642,6393.5487,458.4006,1
17,139.02,177.1,170.37,179.32,150.15,159.69,15.1,51.53,24620.442000000003,23684.837400000004,24929.0664,20873.853000000003,22200.1038,2099.202,7163.700600000001,30172.527,31757.571999999996,26591.565,28281.099,2674.21,9125.963,30550.7484,25581.055500000002,27206.3853,2572.587,8779.1661,26924.898,28635.6108,2707.732,9240.3596,23977.4535,2267.265,7737.2295,2411.319,8228.8257,778.103,1
18,157.57,167.97,161.57,178.9,149.43,166.07,12.39,70.25,26467.0329,25458.584899999998,28189.273,23545.6851,26167.649899999997,1952.2923,11069.2925,27138.9129,30049.833000000002,25099.757100000003,27894.777899999997,2081.1483000000003,11799.8925,28904.873,24143.4051,26831.9299,2001.8523,11350.2925,26733.027000000002,29709.923,2216.5710000000004,12567.725,24815.8401,1851.4377000000002,10497.4575,2057.6073,11666.4175,870.3975,1
19,97.25,131.44,154.95,160.76,115.34,148.3,7.84,15.25,12782.539999999999,15068.887499999999,15633.91,11216.815,14422.175000000001,762.4399999999999,1483.0625,20366.627999999997,21130.2944,15160.2896,19492.552,1030.4895999999999,2004.46,24909.761999999995,17871.933,22979.085,1214.808,2362.9874999999997,18542.058399999998,23840.708,1260.3583999999998,2451.5899999999997,17104.922000000002,904.2656000000001,1758.935,1162.672,2261.5750000000003,119.56,1
20,161.64,141.01,153.56,168.34,124.94,148.0,9.94,24.12,22792.856399999997,24821.4384,27210.4776,20195.3016,23922.719999999998,1606.7015999999999,3898.7567999999997,21653.4956,23737.6234,17617.789399999998,20869.48,1401.6393999999998,3401.1612,25850.2904,19185.7864,22726.88,1526.3863999999999,3703.8672,21032.3996,24914.32,1673.2996,4060.3608000000004,18491.12,1241.9035999999999,3013.5528,1471.12,3569.76,239.7528,1
21,148.16,163.8,174.69,174.08,152.09,160.4,5.69,72.03,24268.608,25882.0704,25791.6928,22533.6544,23764.864,843.0304,10671.9648,28614.222,28514.304000000004,24912.342,26273.520000000004,932.0220000000002,11798.514000000001,30410.035200000002,26568.6021,28020.276,993.9861000000001,12582.9207,26475.827200000003,27922.432000000004,990.5152000000002,12538.9824,24395.236,865.3921,10955.0427,912.676,11553.612000000001,409.8507,1
22,156.66,132.81,166.47,168.97,131.04,147.31,15.03,47.08,20806.0146,26079.1902,26470.8402,20528.7264,23077.5846,2354.5998,7375.5527999999995,22108.8807,22440.9057,17403.4224,19564.2411,1996.1343,6252.6948,28128.4359,21814.228799999997,24522.6957,2502.0441,7837.4076,22141.8288,24890.9707,2539.6191,7955.107599999999,19303.502399999998,1969.5312,6169.3632,2214.0693,6935.3548,707.6124,1
23,114.65,132.53,154.69,168.75,128.01,151.16,30.41,108.28,15194.5645,17735.2085,19347.1875,14676.3465,17330.494,3486.5065000000004,12414.302000000001,20501.0657,22364.4375,16965.1653,20033.2348,4030.2373000000002,14350.3484,26103.9375,19801.866899999997,23382.9404,4704.1229,16749.8332,21601.6875,25508.25,5131.6875,18272.25,19349.991599999998,3892.7841,13860.922799999998,4596.7756,16367.6048,3292.7948,1
24,161.37,178.15,175.51,173.81,140.76,162.99,28.99,54.25,28748.0655,28322.0487,28047.7197,22714.441199999997,26301.696300000003,4678.1163,8754.3225,31267.106499999998,30964.251500000002,25076.394,29036.668500000003,5164.5685,9664.6375,30505.393099999998,24704.787599999996,28606.3749,5088.0349,9521.4175,24465.4956,28329.2919,5038.7519,9429.192500000001,22942.4724,4080.6323999999995,7636.23,4725.0801,8842.2075,1572.7075,1
25,99.44,118.99,164.53,161.34,118.42,143.18,11.16,8.33,11832.3656,16360.8632,16043.6496,11775.684799999999,14237.8192,1109.7504,828.3352,19577.4247,19197.8466,14090.7958,17036.9882,1327.9284,991.1867,26545.2702,19483.6426,23557.4054,1836.1548,1370.5349,19105.8828,23100.661200000002,1800.5544,1343.9622,16955.3756,1321.5672,986.4386000000001,1597.8888000000002,1192.6894,92.9628,1
26,142.83,113.13,163.48,166.0,141.98,149.5,7.78,16.12,16158.3579,23349.8484,23709.780000000002,20279.0034,21353.085000000003,1111.2174000000002,2302.4196,18494.4924,18779.579999999998,16062.197399999997,16912.934999999998,880.1514,1823.6556,27137.679999999997,23210.890399999997,24440.26,1271.8744,2635.2976,23568.679999999997,24817.0,1291.48,2675.92,21226.01,1104.6044,2288.7176,1163.1100000000001,2409.94,125.41360000000002,1
27,123.45,155.73,156.08,153.94,133.06,139.96,5.3,3.17,19224.8685,19268.076,19003.893,16426.257,17278.062,654.285,391.3365,24306.3384,23973.0762,20721.4338,21795.9708,825.3689999999999,493.66409999999996,24026.9552,20768.004800000002,21844.956800000004,827.224,494.77360000000004,20483.2564,21545.4424,815.882,487.9898,18623.0776,705.218,421.8002,741.788,443.6732,16.801,1
28,97.2,138.41,177.21,165.64,155.56,165.25,1.63,76.83,13453.452,17224.812,16100.207999999999,15120.432,16062.300000000001,158.436,7467.876,24527.6361,22926.232399999997,21531.0596,22872.2525,225.60829999999999,10634.040299999999,29353.0644,27566.787600000003,29283.952500000003,288.8523,13615.0443,25766.9584,27372.01,269.99319999999994,12726.121199999998,25706.29,253.56279999999998,11951.6748,269.35749999999996,12696.1575,125.23289999999999,1
29,152.21,159.01,164.86,172.2,143.65,164.49,25.11,36.35,24202.9121,25093.340600000003,26210.561999999998,21864.966500000002,25037.022900000004,3821.9931,5532.833500000001,26214.388600000002,27381.521999999997,22841.7865,26155.5549,3992.7410999999997,5780.0135,28388.892,23682.139000000003,27117.821400000004,4139.6346,5992.661000000001,24736.53,28325.178,4323.942,6259.47,23628.988500000003,3607.0515,5221.677500000001,4130.3439,5979.2115,912.7485,1
30,145.1,151.58,168.75,158.87,149.89,154.86,16.37,22.42,21994.258,24485.625,23052.037,21749.038999999997,22470.186,2375.2870000000003,3253.1420000000003,25579.125000000004,24081.514600000002,22720.3262,23473.678800000005,2481.3646000000003,3398.4236000000005,26809.3125,25293.937499999996,26132.625000000004,2762.4375,3783.3750000000005,23813.024299999997,24602.608200000002,2600.7019,3561.8654000000006,23211.9654,2453.6992999999998,3360.5338,2535.0582000000004,3471.9612000000006,367.01540000000006,1
31,138.33,109.61,159.31,158.33,140.92,151.15,17.31,33.96,15162.351300000002,22037.352300000002,21901.788900000003,19493.4636,20908.579500000003,2394.4923,4697.6868,17461.9691,17354.551300000003,15446.241199999999,16567.5515,1897.3491,3722.3556,25223.552300000003,22449.9652,24079.7065,2757.6560999999997,5410.1676,22311.8636,23931.579500000003,2740.6923,5376.8868,21300.057999999997,2439.3251999999998,4785.6431999999995,2616.4065,5133.054,587.8475999999999,1
32,131.96,152.29,166.56,172.4,154.92,167.9,8.32,13.73,20096.1884,21979.2576,22749.904000000002,20443.2432,22156.084000000003,1097.9072,1811.8108000000002,25365.4224,26254.796,23592.766799999998,25569.490999999998,1267.0528,2090.9417,28714.944000000003,25803.475199999997,27965.424000000003,1385.7792000000002,2286.8688,26708.208,28945.960000000003,1434.3680000000002,2367.052,26011.068,1288.9343999999999,2127.0516,1396.928,2305.2670000000003,114.23360000000001,1
33,163.13,155.47,171.87,176.56,151.95,166.38,9.13,52.23,25361.821099999997,28037.1531,28802.232799999998,24787.603499999997,27141.5694,1489.3769,8520.2799,26720.6289,27449.7832,23623.6665,25867.098599999998,1419.4411,8120.1981,30345.3672,26115.6465,28595.7306,1569.1731000000002,8976.7701,26828.291999999998,29376.0528,1611.9928000000002,9221.728799999999,25281.441,1387.3035,7936.348499999999,1519.0494,8690.027399999999,476.85990000000004,1
34,159.41,166.56,169.35,174.29,146.52,162.82,0.37,54.44,26551.3296,26996.083499999997,27783.5689,23356.753200000003,25955.136199999997,58.9817,8678.2804,28206.935999999998,29029.7424,24404.3712,27119.299199999998,61.6272,9067.5264,29516.011499999997,24813.162,27573.567,62.659499999999994,9219.413999999999,25536.9708,28377.8978,64.48729999999999,9488.3476,23856.3864,54.2124,7976.5488000000005,60.243399999999994,8863.9208,20.142799999999998,1
35,168.46,154.39,160.97,169.71,137.5,149.92,13.85,19.93,26008.539399999998,27117.0062,28589.346600000004,23163.25,25255.5232,2333.1710000000003,3357.4078,24852.1583,26201.526899999997,21228.624999999996,23146.148799999995,2138.3014999999996,3076.9927,27318.2187,22133.375,24132.622399999997,2229.4345,3208.1321,23335.125,25442.923199999997,2350.4835000000003,3382.3203000000003,20614.0,1904.375,2740.375,2076.392,2987.9055999999996,276.03049999999996,1
36,166.59,157.77,167.22,166.68,138.88,152.41,3.51,10.58,26282.904300000002,27857.1798,27767.2212,23136.0192,25389.9819,584.7309,1762.5222,26382.2994,26297.103600000002,21911.0976,24045.725700000003,553.7727,1669.2066000000002,27872.229600000002,23223.5136,25486.0002,586.9422,1769.1876,23148.5184,25403.698800000002,585.0468,1763.4744,21166.7008,487.46879999999993,1469.3504,534.9590999999999,1612.4977999999999,37.135799999999996,1
37,136.15,129.79,159.84,161.05,140.31,141.56,5.07,13.17,17670.9085,21762.216,21926.957500000004,19103.2065,19273.394,690.2805000000001,1793.0955000000001,20745.633599999997,20902.679500000002,18210.834899999998,18373.0724,658.0353,1709.3343,25742.232000000004,22427.150400000002,22626.9504,810.3888000000001,2105.0928,22596.9255,22798.238,816.5235000000001,2121.0285000000003,19862.2836,711.3717,1847.8827,717.7092,1864.3452,66.7719,1
38,160.2,159.08,154.69,171.39,142.31,156.76,4.66,7.39,25484.616,24781.337999999996,27456.677999999996,22798.061999999998,25112.951999999997,746.5319999999999,1183.878,24608.0852,27264.7212,22638.6748,24937.3808,741.3128,1175.6012,26512.319099999997,22013.9339,24249.2044,720.8554,1143.1590999999999,24390.510899999997,26867.096399999995,798.6773999999999,1266.5720999999999,22308.5156,663.1646000000001,1051.6709,730.5015999999999,1158.4563999999998,34.4374,1
39,163.18,148.23,166.05,175.34,140.83,150.9,10.35,43.64,24188.1714,27096.039000000004,28611.981200000002,22980.639400000004,24623.862,1688.913,7121.175200000001,24613.5915,25990.6482,20875.2309,22367.907,1534.1805,6468.7572,29115.207000000002,23384.821500000005,25056.945000000003,1718.6175,7246.4220000000005,24693.132200000004,26458.806,1814.769,7651.8376,21251.247000000003,1457.5905,6145.8212,1561.815,6585.276000000001,451.674,1
40,142.41,136.54,170.86,168.28,153.12,155.41,1.21,4.89,19444.661399999997,24332.1726,23964.7548,21805.8192,22131.9381,172.31609999999998,696.3848999999999,23329.2244,22976.9512,20907.0048,21219.681399999998,165.21339999999998,667.6805999999999,28752.3208,26162.083200000005,26553.352600000002,206.7406,835.5054,25767.033600000002,26152.3948,203.6188,822.8892,23796.3792,185.2752,748.7568,188.0461,759.9549,5.916899999999999,1
41,174.12,161.83,176.33,178.95,155.91,168.39,20.05,43.82,28177.839600000003,30702.579600000005,31158.773999999998,27147.0492,29320.066799999997,3491.106,7629.9384,28535.483900000003,28959.4785,25230.9153,27250.5537,3244.6915000000004,7091.390600000001,31554.2535,27491.6103,29692.2087,3535.4165000000003,7726.780600000001,27900.0945,30133.390499999994,3587.9474999999998,7841.589,26253.684899999997,3125.9955,6831.9762,3376.2194999999997,7378.849799999999,878.591,1
42,87.38,113.73,168.56,179.55,159.51,171.6,15.31,49.2,9937.7274,14728.772799999999,15689.079,13937.983799999998,14994.408,1337.7878,4299.0960000000005,19170.3288,20420.221500000003,18141.0723,19516.068,1741.2063,5595.5160000000005,30264.948000000004,26887.0056,28924.896,2580.6536,8293.152,28640.0205,30810.780000000002,2748.9105000000004,8833.86,27371.915999999997,2442.0981,7847.892,2627.196,8442.72,753.2520000000001,1
43,147.69,131.12,170.75,172.87,133.39,147.53,2.02,58.3,19365.1128,25218.0675,25531.1703,19700.369099999996,21788.7057,298.3338,8610.327,22388.74,22666.7144,17490.0968,19344.1336,264.86240000000004,7644.296,29517.5525,22776.3425,25190.7475,344.915,9954.725,23059.129299999997,25503.5111,349.1974,10078.321,19679.0267,269.4478,7776.636999999999,298.0106,8600.999,117.76599999999999,1
44,122.42,96.29,151.21,152.17,123.85,137.07,13.98,72.2,11787.821800000002,18511.128200000003,18628.6514,15161.716999999999,16780.1094,1711.4316000000001,8838.724,14560.010900000001,14652.4493,11925.5165,13198.4703,1346.1342000000002,6952.138000000001,23009.6257,18727.3585,20726.3547,2113.9158,10917.362000000001,18846.2545,20857.941899999998,2127.3366,10986.673999999999,16976.119499999997,1731.423,8941.97,1916.2386,9896.454,1009.3560000000001,1
45,151.51,151.52,167.31,161.93,139.67,143.45,7.2,35.93,22956.7952,25349.1381,24534.0143,21161.4017,21734.1095,1090.872,5443.7543,25350.811200000004,24535.6336,21162.7984,21735.543999999998,1090.9440000000002,5444.113600000001,27092.5083,23368.1877,24000.619499999997,1204.632,6011.4483,22616.7631,23228.8585,1165.8960000000002,5818.1449,20035.6615,1005.6239999999999,5018.343099999999,1032.84,5154.1585,258.696,1
46,125.1,126.44,153.12,152.83,142.3,145.53,2.27,15.88,15817.643999999998,19155.311999999998,19119.033,17801.73,18205.803,283.977,1986.588,19360.4928,19323.825200000003,17992.412,18400.8132,287.0188,2007.8672000000001,23401.3296,21788.976000000002,22283.5536,347.5824,2431.5456000000004,21747.709000000003,22241.3499,346.9241,2426.9404000000004,20708.919,323.021,2259.724,330.3531,2311.0164,36.0476,1
47,92.39,101.31,156.64,164.67,129.79,144.95,9.96,2.75,9360.0309,14471.969599999999,15213.861299999999,11991.2981,13391.930499999999,920.2044000000001,254.0725,15869.1984,16682.717699999997,13149.0249,14684.884499999998,1009.0476000000001,278.6025,25793.908799999997,20330.305599999996,22704.967999999997,1560.1344,430.76,21372.519299999996,23868.916499999996,1640.1132,452.8425,18813.060499999996,1292.7084,356.92249999999996,1443.702,398.61249999999995,27.39,1
48,150.44,159.46,150.17,169.27,146.72,161.62,8.72,33.62,23989.1624,22591.5748,25464.9788,22072.5568,24314.1128,1311.8368,5057.792799999999,23946.1082,26991.794200000004,23395.9712,25771.9252,1390.4912000000002,5361.0452,25419.2759,22032.942399999996,24270.4754,1309.4824,5048.715399999999,24835.294400000002,27357.417400000002,1476.0344000000002,5690.8574,23712.8864,1279.3984,4932.7264,1409.3264000000001,5433.6644,293.1664,1
49,139.77,147.32,176.89,175.19,139.93,158.94,0.77,134.64,20590.916400000002,24723.9153,24486.3063,19558.0161,22215.043800000003,107.62290000000002,18818.6328,26059.434799999995,25808.9908,20614.4876,23415.0408,113.43639999999999,19835.1648,30989.359099999998,24752.2177,28114.896599999996,136.2053,23816.469599999997,24514.3367,27844.6986,134.8963,23587.581599999998,22240.4742,107.74610000000001,18840.175199999998,122.38380000000001,21399.681599999996,103.6728,1
50,155.02,161.52,174.89,170.14,146.74,150.8,7.79,3.75,25038.830400000003,27111.447799999998,26375.1028,22747.634800000003,23377.016000000003,1207.6058,581.325,28248.232799999998,27481.0128,23701.444800000005,24357.216000000004,1258.2408,605.7,29755.784599999995,25663.3586,26373.412,1362.3931,655.8375,24966.3436,25657.112,1325.3906,638.025,22128.392000000003,1143.1046000000001,550.2750000000001,1174.7320000000002,565.5,29.2125,1
51,141.39,152.16,168.53,174.76,135.64,153.33,16.06,128.58,21513.9024,23828.4567,24709.316399999996,19178.139599999995,21679.3287,2270.7233999999994,18179.9262,25643.5248,26591.4816,20638.982399999997,23330.6928,2443.6895999999997,19564.7328,29452.302799999998,22859.4092,25840.7049,2706.5917999999997,21669.587400000004,23704.446399999997,26795.950800000002,2806.6456,22470.6408,20797.6812,2178.3783999999996,17440.5912,2462.4798,19715.171400000003,2064.9948,1
52,131.82,152.44,167.12,166.37,149.14,151.07,4.69,11.9,20094.640799999997,22029.7584,21930.8934,19659.634799999996,19914.0474,618.2358,1568.658,25475.7728,25361.4428,22734.901599999997,23029.1108,714.9436000000001,1814.036,27803.7544,24924.2768,25246.8184,783.7928,1988.728,24812.4218,25133.5159,780.2753000000001,1979.803,22530.579799999996,699.4666,1774.7659999999998,708.5183000000001,1797.733,55.81100000000001,1
53,147.23,122.19,177.18,158.37,136.36,153.2,29.81,25.68,17990.0337,26086.2114,23316.8151,20076.2828,22555.635999999995,4388.926299999999,3780.8664,21649.624200000002,19351.2303,16661.828400000002,18719.507999999998,3642.4838999999997,3137.8392,28059.996600000002,24160.264800000004,27143.976,5281.7358,4549.9824,21595.333200000005,24262.284,4721.0097,4066.9416,20890.352,4064.8916000000004,3501.7248000000004,4566.892,3934.1759999999995,765.5208,1
54,158.21,174.5,174.44,173.53,148.91,166.17,24.3,89.27,27607.645,27598.152400000003,27454.1813,23559.0511,26289.755699999998,3844.503,14123.4067,30439.78,30280.985,25984.795,28996.664999999997,4240.35,15577.615,30270.5732,25975.860399999998,28986.694799999997,4238.892,15572.2588,25840.3523,28835.480099999997,4216.779,15491.023099999999,24744.374699999997,3618.513,13293.195699999998,4037.931,14833.995899999998,2169.261,1
55,142.21,169.09,178.18,170.41,150.64,167.87,27.22,62.17,24046.288900000003,25338.9778,24234.006100000002,21422.5144,23872.7927,3870.9562,8841.1957,30128.4562,28814.6269,25471.7176,28385.138300000002,4602.6298,10512.3253,30363.6538,26841.0352,29911.0766,4850.0596,11077.4506,25670.5624,28606.7267,4638.5602,10594.3897,25287.9368,4100.4208,9365.2888,4569.4214,10436.4779,1692.2674,1
56,179.0,139.76,160.82,165.79,147.61,178.09,22.22,79.73,25017.039999999997,28786.78,29676.41,26422.190000000002,31878.11,3977.3799999999997,14271.67,22476.203199999996,23170.8104,20629.9736,24889.858399999997,3105.4671999999996,11143.0648,26662.347799999996,23738.6402,28640.4338,3573.4203999999995,12822.1786,24472.2619,29525.5411,3683.8537999999994,13218.4367,26287.864900000004,3279.8942,11768.945300000001,3957.1598,14199.1157,1771.6006,1
57,147.19,107.5,162.54,172.57,143.66,125.96,34.73,56.39,15822.925,23924.2626,25400.578299999997,21145.3154,18540.0524,5111.908699999999,8300.0441,17473.05,18551.274999999998,15443.449999999999,13540.699999999999,3733.4749999999995,6061.925,28049.527799999996,23350.4964,20473.538399999998,5645.0142,9165.6306,24791.406199999998,21736.9172,5993.356099999999,9731.2223,18095.4136,4989.3117999999995,8100.9874,4374.590799999999,7102.8844,1958.4246999999998,1
58,149.44,179.02,119.7,166.31,128.21,140.81,26.15,82.48,26752.7488,17887.968,24853.3664,19159.702400000002,21042.6464,3907.8559999999998,12325.8112,21428.694000000003,29772.8162,22952.154200000004,25207.806200000003,4681.373,14765.5696,19907.307,15346.737000000001,16854.957000000002,3130.1549999999997,9872.856000000002,21322.6051,23418.111100000002,4349.0064999999995,13717.248800000001,18053.2501,3352.6915,10574.760800000002,3682.1814999999997,11614.008800000001,2156.852,1
59,172.46,169.95,173.23,179.52,144.59,163.85,16.55,36.28,29309.577,29875.2458,30960.019200000002,24935.991400000003,28257.571,2854.213,6256.848800000001,29440.438499999997,30509.424,24573.070499999998,27846.3075,2812.6725,6165.786,31098.2496,25047.325699999998,28383.7355,2866.9565,6284.7844,25956.796800000004,29414.352,2971.0560000000005,6512.985600000001,23691.0715,2392.9645,5245.7252,2711.7175,5944.478,600.4340000000001,1
60,85.35,54.53,175.29,168.03,158.65,159.05,28.62,37.03,4654.135499999999,14961.001499999998,14341.360499999999,13540.7775,13574.9175,2442.717,3160.5105,9558.5637,9162.6759,8651.184500000001,8672.996500000001,1560.6486,2019.2459000000001,29453.9787,27809.7585,27879.8745,5016.7998,6490.9887,26657.9595,26725.1715,4809.0186,6222.150900000001,25233.2825,4540.563,5874.8095,4552.011,5889.6215,1059.7986,1
61,100.95,139.81,174.11,166.5,143.18,147.01,10.7,7.45,14113.819500000001,17576.4045,16808.175,14454.021,14840.6595,1080.165,752.0775,24342.3191,23278.365,20017.9958,20553.4681,1495.9669999999999,1041.5845,28989.315000000002,24929.069800000005,25595.9111,1862.977,1297.1195000000002,23839.47,24477.164999999997,1781.55,1240.425,21048.8918,1532.026,1066.691,1573.0069999999998,1095.2245,79.715,1
62,115.7,104.08,165.93,172.64,127.72,147.52,3.6,12.42,12042.056,19198.101000000002,19974.448,14777.204,17068.064000000002,416.52000000000004,1436.994,17269.9944,17968.371199999998,13293.0976,15353.8816,374.688,1292.6736,28646.155199999997,21192.5796,24477.9936,597.3480000000001,2060.8506,22049.5808,25467.8528,621.504,2144.1888,18841.2544,459.79200000000003,1586.2824,531.072,1832.1984000000002,44.712,1
63,165.2,167.98,177.58,176.73,145.21,157.74,15.48,73.45,27750.295999999995,29336.216,29195.795999999995,23988.692,26058.648,2557.296,12133.94,29829.8884,29687.105399999997,24392.3758,26497.1652,2600.3304,12338.131,31383.7134,25786.391800000005,28011.469200000003,2748.9384000000005,13043.251000000002,25662.9633,27877.3902,2735.7804,12980.8185,22905.425400000004,2247.8508,10665.674500000001,2441.8152,11586.003,1137.006,1
64,136.57,146.6,132.59,156.13,139.58,146.77,11.95,2.54,20021.161999999997,18107.8163,21322.674099999997,19062.4406,20044.3789,1632.0114999999998,346.88779999999997,19437.694,22888.658,20462.428,21516.482,1751.87,372.364,20701.2767,18506.912200000002,19460.2343,1584.4505,336.77860000000004,21792.6254,22915.200100000002,1865.7534999999998,396.5702,20486.156600000002,1667.981,354.5332,1753.9015,372.79580000000004,30.352999999999998,1
65,116.03,135.7,162.75,130.79,126.17,125.13,11.55,36.35,15745.270999999999,18883.8825,15175.563699999999,14639.5051,14518.8339,1340.1465,4217.690500000001,22085.175,17748.202999999998,17121.269,16980.141,1567.335,4932.695,21286.0725,20534.1675,20364.907499999998,1879.7625,5915.962500000001,16501.7743,16365.7527,1510.6245,4754.2164999999995,15787.6521,1457.2635,4586.279500000001,1445.2515,4548.4755000000005,419.84250000000003,1
66,156.87,158.08,134.52,155.41,168.56,167.63,37.04,42.4,24798.0096,21102.152400000003,24379.1667,26442.0072,26296.1181,5810.4648,6651.288,21264.9216,24567.2128,26645.9648,26498.9504,5855.283200000001,6702.592000000001,20905.753200000003,22674.6912,22549.587600000003,4982.620800000001,5703.648,26195.9096,26051.3783,5756.386399999999,6589.384,28255.7128,6243.4624,7146.9439999999995,6209.0152,7107.512,1570.4959999999999,1
67,135.76,115.3,166.88,151.1,139.24,137.99,9.01,18.15,15653.127999999999,22655.6288,20513.336,18903.2224,18733.5224,1223.1976,2464.044,19241.264,17421.829999999998,16054.372000000001,15910.247000000001,1038.8529999999998,2092.6949999999997,25215.568,23236.3712,23027.7712,1503.5888,3028.872,21039.164,20850.289,1361.4109999999998,2742.4649999999997,19213.727600000002,1254.5524,2527.206,1243.2899,2504.5185,163.5315,1
68,145.68,127.59,169.35,158.91,146.6,152.15,6.99,1.65,18587.3112,24670.908,23150.0088,21356.688000000002,22165.212000000003,1018.3032000000001,240.37199999999999,21607.3665,20275.3269,18704.694,19412.8185,891.8541,210.52349999999998,26911.408499999998,24826.71,25766.6025,1183.7565,279.42749999999995,23296.206,24178.1565,1110.7809,262.20149999999995,22305.19,1024.734,241.89,1063.5285000000001,251.04749999999999,11.5335,1
69,122.39,129.19,160.26,156.95,145.62,143.8,14.85,4.27,15811.5641,19614.2214,19209.1105,17822.431800000002,17599.682,1817.4914999999999,522.6052999999999,20703.9894,20276.370499999997,18812.6478,18577.522,1918.4714999999999,551.6412999999999,25152.806999999997,23337.0612,23045.388,2379.861,684.3101999999999,22855.058999999997,22569.41,2330.7075,670.1764999999999,20940.156000000003,2162.457,621.7973999999999,2135.4300000000003,614.026,63.409499999999994,1
70,130.57,123.23,178.19,175.02,155.54,154.01,17.81,6.54,16090.141099999999,23266.2683,22852.3614,20308.857799999998,20109.085699999996,2325.4516999999996,853.9277999999999,21958.3537,21567.714600000003,19167.194199999998,18978.652299999998,2194.7263,805.9242,31186.8138,27715.672599999998,27443.041899999997,3173.5638999999996,1165.3626,27222.6108,26954.8302,3117.1062,1144.6308000000001,23954.715399999997,2770.1674,1017.2316,2742.9181,1007.2253999999999,116.47739999999999,1
71,132.33,143.45,176.91,167.86,163.47,166.42,6.63,13.44,18982.7385,23410.500300000003,22212.913800000006,21631.9851,22022.3586,877.3479000000001,1778.5152,25377.739499999996,24079.517,23449.7715,23872.948999999997,951.0734999999999,1927.9679999999998,29696.1126,28919.4777,29441.362199999996,1172.9133,2377.6704,27440.074200000003,27935.2612,1112.9118,2256.0384,27204.677399999997,1083.8061,2197.0368,1103.3645999999999,2236.6847999999995,89.10719999999999,1
72,126.67,148.27,156.45,152.63,140.65,148.88,5.2,10.09,18781.360900000003,19817.5215,19333.6421,17816.1355,18858.6296,658.6840000000001,1278.1003,23196.8415,22630.450100000002,20854.1755,22074.4376,771.0040000000001,1496.0443,23878.963499999998,22004.6925,23292.275999999998,813.54,1578.5804999999998,21467.4095,22723.554399999997,793.676,1540.0366999999999,20939.972,731.3800000000001,1419.1585,774.176,1502.1992,52.468,1
73,109.03,90.37,164.97,154.25,152.45,147.31,29.82,4.06,9853.0411,17986.6791,16817.8775,16621.623499999998,16061.2093,3251.2746,442.66179999999997,14908.3389,13939.5725,13776.9065,13312.404700000001,2694.8334,366.9022,25446.6225,25149.676499999998,24301.7307,4919.4054,669.7782,23515.4125,22722.5675,4599.735,626.255,22457.409499999998,4546.058999999999,618.9469999999999,4392.7842,598.0785999999999,121.0692,1
74,160.97,105.08,177.52,171.36,145.61,150.57,2.31,4.22,16914.7276,28575.3944,27583.8192,23438.8417,24237.2529,371.8407,679.2933999999999,18653.801600000003,18006.5088,15300.698800000002,15821.8956,242.7348,443.4376,30419.827200000003,25848.687200000004,26729.1864,410.07120000000003,749.1344,24951.729600000006,25801.6752,395.8416,723.1392,21924.4977,336.3591,614.4742,347.81669999999997,635.4054,9.748199999999999,1
75,108.67,131.16,167.07,155.14,148.46,157.37,3.22,2.77,14253.1572,18155.4969,16859.0638,16133.148200000001,17101.3979,349.91740000000004,301.0159,21912.9012,20348.162399999997,19472.013600000002,20640.6492,422.33520000000004,363.3132,25919.239799999996,24803.2122,26291.8059,537.9654,462.78389999999996,23032.0844,24414.3818,499.5508,429.7378,23363.150200000004,478.04120000000006,411.23420000000004,506.73140000000006,435.9149,8.919400000000001,1
76,137.41,118.68,163.49,164.99,141.39,155.22,2.13,8.77,16307.818800000001,22465.1609,22671.2759,19428.399899999997,21328.7802,292.6833,1205.0856999999999,19402.9932,19581.0132,16780.1652,18421.5096,252.7884,1040.8236,26974.2151,23115.8511,25376.917800000003,348.2337,1433.8073,23327.9361,25609.7478,351.4287,1446.9623,21946.5558,301.16069999999996,1239.9902999999997,330.61859999999996,1361.2794,18.6801,1
77,139.4,142.32,173.65,163.44,146.04,151.82,10.62,9.45,19839.408,24206.81,22783.536,20357.976,21163.708,1480.4279999999999,1317.33,24713.868,23260.780799999997,20784.4128,21607.022399999998,1511.4383999999998,1344.9239999999998,28381.356,25359.845999999998,26363.543,1844.163,1640.9924999999998,23868.777599999998,24813.460799999997,1735.7327999999998,1544.5079999999998,22171.7928,1550.9447999999998,1380.0779999999997,1612.3283999999999,1434.6989999999998,100.35899999999998,1
78,140.37,152.99,169.67,168.16,169.25,172.01,19.24,27.88,21475.2063,23816.5779,23604.6192,23757.6225,24145.0437,2700.7187999999996,3913.5156,25957.813299999998,25726.7984,25893.557500000003,26315.8099,2943.5276,4265.3612,28531.707199999997,28716.6475,29184.936699999995,3264.4507999999996,4730.3996,28461.079999999998,28925.201599999997,3235.3983999999996,4688.3008,29112.692499999997,3256.37,4718.69,3309.4723999999997,4795.6388,536.4111999999999,1
79,140.41,155.71,169.33,168.72,169.86,170.96,21.62,35.08,21863.2411,23775.6253,23689.9752,23850.0426,24004.4936,3035.6642,4925.582799999999,26366.374300000003,26271.391200000002,26448.900600000004,26620.181600000004,3366.4502,5462.3068,28569.357600000003,28762.393800000005,28948.656800000004,3660.9146000000005,5940.0964,28658.7792,28844.3712,3647.7264,5918.6975999999995,29039.265600000002,3672.3732000000005,5958.6888,3696.1552,5997.2768,758.4296,1
80,140.41,155.71,169.33,168.72,169.86,170.96,21.62,35.08,21863.2411,23775.6253,23689.9752,23850.0426,24004.4936,3035.6642,4925.582799999999,26366.374300000003,26271.391200000002,26448.900600000004,26620.181600000004,3366.4502,5462.3068,28569.357600000003,28762.393800000005,28948.656800000004,3660.9146000000005,5940.0964,28658.7792,28844.3712,3647.7264,5918.6975999999995,29039.265600000002,3672.3732000000005,5958.6888,3696.1552,5997.2768,758.4296,1
81,140.41,155.71,169.33,168.72,169.86,170.96,21.62,35.08,21863.2411,23775.6253,23689.9752,23850.0426,24004.4936,3035.6642,4925.582799999999,26366.374300000003,26271.391200000002,26448.900600000004,26620.181600000004,3366.4502,5462.3068,28569.357600000003,28762.393800000005,28948.656800000004,3660.9146000000005,5940.0964,28658.7792,28844.3712,3647.7264,5918.6975999999995,29039.265600000002,3672.3732000000005,5958.6888,3696.1552,5997.2768,758.4296,1
82,174.74,177.54,179.82,179.36,176.7,174.2,16.51,19.09,31023.3396,31421.7468,31341.366400000003,30876.558,30439.708,2884.9574000000002,3335.7866000000004,31925.242799999996,31843.5744,31371.317999999996,30927.467999999997,2931.1854000000003,3389.2385999999997,32252.5152,31774.193999999996,31324.643999999997,2968.8282000000004,3432.7637999999997,31692.912,31244.512,2961.2336000000005,3423.9824000000003,30781.139999999996,2917.317,3373.203,2876.042,3325.4779999999996,315.1759,0
83,176.28,165.74,176.93,176.13,172.89,179.28,25.28,14.28,29216.647200000003,31189.220400000002,31048.1964,30477.049199999998,31603.4784,4456.3584,2517.2783999999997,29324.378200000003,29191.786200000002,28654.7886,29713.8672,4189.907200000001,2366.7672000000002,31162.6809,30589.4277,31720.010400000003,4472.790400000001,2526.5604,30451.1157,31576.5864,4452.5664,2515.1364,30995.7192,4370.6592,2468.8691999999996,4532.1984,2560.1184,360.9984,0
84,169.27,168.83,174.27,178.06,179.9,172.5,14.3,19.82,28577.854100000004,29498.682900000003,30140.216200000003,30451.673000000003,29199.075,2420.561,3354.9314000000004,29422.004100000006,30061.869800000004,30372.517000000003,29123.175000000003,2414.2690000000002,3346.2106000000003,31030.516200000002,31351.173000000003,30061.575,2492.061,3454.0314000000003,32032.994000000002,30715.350000000002,2546.2580000000003,3529.1492000000003,31032.75,2572.57,3565.618,2466.75,3418.9500000000003,283.42600000000004,0
85,176.61,154.01,177.29,167.83,162.96,167.97,18.23,6.98,27199.7061,31311.1869,29640.456300000005,28780.365600000005,29665.1817,3219.6003000000005,1232.7378,27304.432899999996,25847.4983,25097.4696,25869.059699999998,2807.6023,1074.9898,29754.580700000002,28891.1784,29779.401299999998,3231.9967,1237.4842,27349.576800000003,28190.405100000004,3059.5409000000004,1171.4534,27372.391200000002,2970.7608,1137.4608,3062.0931,1172.4306000000001,127.24540000000002,0
86,174.05,170.13,173.36,177.71,176.88,175.12,13.58,12.62,29611.126500000002,30173.308000000005,30930.425500000005,30785.964,30479.636000000002,2363.599,2196.511,29493.736800000002,30233.8023,30092.594399999998,29793.1656,2310.3654,2147.0406,30807.805600000003,30663.916800000003,30358.803200000002,2354.2288000000003,2187.8032,31433.3448,31120.575200000003,2413.3018,2242.7001999999998,30975.2256,2402.0304,2232.2255999999998,2378.1296,2210.0144,171.37959999999998,0
87,173.03,176.23,173.3,176.72,176.64,175.55,14.17,12.57,30493.0769,29986.099000000002,30577.8616,30564.0192,30375.416500000003,2451.8351,2174.9871000000003,30540.659,31143.365599999997,31129.267199999995,30937.1765,2497.1791,2215.2111,30625.576,30611.712,30422.815000000002,2455.661,2178.3810000000003,31215.820799999998,31023.196000000004,2504.1224,2221.3704000000002,31009.152,2502.9887999999996,2220.3648,2487.5435,2206.6635,178.11690000000002,0
88,175.55,141.62,178.53,178.81,160.75,175.37,1.25,49.3,24861.391000000003,31340.9415,31390.095500000003,28219.662500000002,30786.203500000003,219.4375,8654.615,25283.4186,25323.072200000002,22765.415,24835.899400000002,177.025,6981.866,31922.9493,28698.6975,31308.8061,223.1625,8801.529,28743.7075,31357.9097,223.5125,8815.332999999999,28190.7275,200.9375,7924.974999999999,219.2125,8645.741,61.625,0
89,117.42,154.1,162.68,160.99,140.05,144.18,4.77,42.29,18094.422,19101.8856,18903.4458,16444.671000000002,16929.6156,560.0934,4965.6918,25068.988,24808.559,21581.705,22218.138,735.0569999999999,6516.888999999999,26189.8532,22783.334000000003,23455.202400000002,775.9835999999999,6879.7372000000005,22546.649500000003,23211.538200000003,767.9223,6808.2671,20192.409000000003,668.0385,5922.7145,687.7386,6097.3722,201.72329999999997,0
90,89.54,103.3,157.66,168.24,137.01,158.83,7.92,26.03,9249.482,14116.876400000001,15064.209600000002,12267.8754,14221.638200000001,709.1568000000001,2330.7262,16286.277999999998,17379.192,14153.132999999998,16407.139,818.136,2688.899,26524.7184,21600.9966,25041.1378,1248.6671999999999,4103.8898,23050.5624,26721.559200000003,1332.4608,4379.287200000001,21761.2983,1085.1191999999999,3566.3703,1257.9336,4134.3449,206.1576,0
91,80.85,83.7,149.2,172.19,143.58,170.78,4.55,21.46,6767.1449999999995,12062.819999999998,13921.561499999998,11608.443,13807.562999999998,367.86749999999995,1735.041,12488.039999999999,14412.303,12017.646,14294.286,380.835,1796.2020000000002,25690.747999999996,21422.136,25480.375999999997,678.8599999999999,3201.832,24723.040200000003,29406.6082,783.4644999999999,3695.1974,24520.5924,653.289,3081.2268000000004,777.049,3664.9388000000004,97.643,0
92,107.66,145.05,160.61,179.12,144.66,172.47,16.69,29.39,15616.083,17291.2726,19284.0592,15574.095599999999,18568.120199999998,1796.8454000000002,3164.1274,23296.480500000005,25981.356000000003,20982.933,25016.773500000003,2420.8845000000006,4263.0195,28768.463200000002,23233.8426,27700.406700000003,2680.5809000000004,4720.3279,25911.4992,30892.8264,2989.5128000000004,5264.3368,24949.5102,2414.3754000000004,4251.5574,2878.5243,5068.8933,490.51910000000004,0
93,107.1,149.23,160.29,178.68,144.51,172.61,16.68,29.51,15982.532999999998,17167.058999999997,19136.628,15477.020999999999,18486.531,1786.4279999999999,3160.521,23920.076699999998,26664.4164,21565.2273,25758.5903,2489.1564,4403.7773,28640.6172,23163.507899999997,27667.6569,2673.6371999999997,4730.1579,25821.0468,30841.954800000003,2980.3824,5272.8468,24943.8711,2410.4267999999997,4264.4901,2879.1348000000003,5093.721100000001,492.2268,0
94,170.88,158.15,178.34,178.96,159.08,175.99,0.05,74.7,27024.672,30474.7392,30580.6848,27183.5904,30073.1712,8.544,12764.736,28204.471,28302.524,25158.502000000004,27832.8185,7.907500000000001,11813.805,31915.726400000003,28370.327200000003,31386.056600000004,8.917,13321.998000000001,28468.956800000004,31495.170400000003,8.948,13368.312000000002,27996.489200000004,7.954000000000001,11883.276000000002,8.7995,13146.453000000001,3.7350000000000003,0
95,104.99,91.73,160.5,154.22,138.3,137.44,6.14,24.13,9630.7327,16850.895,16191.557799999999,14520.117,14429.825599999998,644.6385999999999,2533.4087,14722.665,14146.6006,12686.259000000002,12607.3712,563.2222,2213.4449,24752.31,22197.15,22059.12,985.4699999999999,3872.865,21328.626,21195.9968,946.9108,3721.3286,19007.952,849.162,3337.179,843.8815999999999,3316.4271999999996,148.1582,0
96,136.47,113.53,177.98,160.7,138.49,142.05,6.37,45.67,15493.4391,24288.9306,21930.729,18899.730300000003,19385.5635,869.3139,6232.5849,20206.0694,18244.271,15722.7697,16126.936500000002,723.1861,5184.9151,28601.385999999995,24648.4502,25282.059,1133.7326,8128.3466,22255.343,22827.435,1023.659,7339.169,19672.504500000003,882.1813000000001,6324.8383,904.8585,6487.423500000001,290.91790000000003,0
97,104.4,113.64,167.84,161.95,142.65,142.65,6.79,10.4,11864.016000000001,17522.496000000003,16907.579999999998,14892.660000000002,14892.660000000002,708.8760000000001,1085.76,19073.3376,18403.998,16210.746000000001,16210.746000000001,771.6156,1181.856,27181.688,23942.376,23942.376,1139.6336000000001,1745.536,23102.1675,23102.1675,1099.6405,1684.28,20349.022500000003,968.5935000000001,1483.5600000000002,968.5935000000001,1483.5600000000002,70.616,0
98,110.59,125.9,169.68,170.68,144.34,154.58,15.08,69.95,13923.281,18764.911200000002,18875.501200000002,15962.5606,17095.002200000003,1667.6972,7735.7705000000005,21362.712000000003,21488.612,18172.406000000003,19461.622000000003,1898.5720000000001,8806.705,28960.9824,24491.611200000003,26229.134400000003,2558.7744000000002,11869.116000000002,24635.951200000003,26383.714400000004,2573.8544,11939.066,22312.077200000003,2176.6472,10096.583,2331.0664,10812.871000000001,1054.846,0
99,121.57,119.51,146.7,150.01,141.73,147.1,9.67,34.4,14528.8307,17834.318999999996,18236.715699999997,17230.1161,17882.947,1175.5819,4182.008,17532.117,17927.6951,16938.152299999998,17579.921,1155.6617,4111.144,22006.466999999997,20791.790999999997,21579.569999999996,1418.589,5046.48,21260.917299999997,22066.470999999998,1450.5966999999998,5160.343999999999,20848.482999999997,1370.5291,4875.512,1422.4569999999999,5060.24,332.64799999999997,0
100,120.51,111.99,147.37,153.39,142.36,148.63,7.93,32.89,13495.9149,17759.5587,18485.028899999998,17155.803600000003,17911.4013,955.6443,3963.5739000000003,16503.9663,17178.146099999998,15942.896400000001,16645.073699999997,888.0807,3683.3511,22605.0843,20979.593200000003,21903.6031,1168.6441,4846.9993,21836.6004,22798.355699999996,1216.3826999999999,5044.9971,21158.966800000002,1128.9148,4682.2204,1178.6359,4888.4407,260.8177,0
101,122.78,146.95,168.95,174.33,145.09,154.64,15.26,75.18,18042.520999999997,20743.681,21404.2374,17814.1502,18986.6992,1873.6228,9230.600400000001,24827.202499999996,25617.7935,21320.9755,22724.347999999994,2242.457,11047.701000000001,29453.0535,24512.9555,26126.427999999996,2578.1769999999997,12701.661,25293.5397,26958.3912,2660.2758000000003,13106.129400000002,22436.7176,2214.0734,10907.8662,2359.8064,11625.8352,1147.2468000000001,0
102,142.58,143.22,171.43,164.85,145.06,149.95,12.59,66.59,20420.3076,24442.489400000002,23504.313000000002,20682.654800000004,21379.871,1795.0822,9494.4022,24552.2046,23609.817,20775.4932,21475.839,1803.1398,9537.0198,28260.2355,24867.6358,25705.928499999998,2158.3037,11415.523700000002,23913.141,24719.257499999996,2075.4615,10977.3615,21751.747,1826.3054,9659.5454,1887.8704999999998,9985.1705,838.3681,0
103,174.39,178.09,166.72,179.29,143.45,161.19,16.16,90.22,31057.1151,29074.300799999997,31266.383099999995,25016.245499999997,28109.924099999997,2818.1423999999997,15733.465799999998,29691.1648,31929.7561,25547.010499999997,28706.3271,2877.9344,16067.2798,29891.228799999997,23915.983999999997,26873.5968,2694.1952,15041.4784,25719.150499999996,28899.7551,2897.3264,16175.5438,23122.705499999996,2318.152,12942.059,2604.8304,14542.5618,1457.9552,0
104,104.74,126.42,144.31,169.39,134.63,160.56,4.38,22.2,13241.2308,15115.0294,17741.9086,14101.1462,16817.0544,458.7612,2325.2279999999996,18243.6702,21414.283799999997,17019.9246,20297.9952,553.7196,2806.524,24444.670899999997,19428.4553,23170.4136,632.0778,3203.682,22804.9757,27197.2584,741.9282,3760.4579999999996,21616.1928,589.6794,2988.7859999999996,703.2528,3564.432,97.23599999999999,0
105,102.09,131.23,164.54,167.35,134.25,146.18,5.09,77.25,13397.2707,16797.8886,17084.7615,13705.5825,14923.516200000002,519.6381,7886.4525,21592.584199999998,21961.3405,17617.6275,19183.201399999998,667.9607,10137.5175,27535.768999999997,22089.495,24052.4572,837.5085999999999,12710.715,22466.7375,24463.223,851.8114999999999,12927.7875,19624.665,683.3325,10370.8125,744.0562,11292.405,393.2025,0
106,103.41,139.3,164.73,167.57,134.54,146.14,4.8,76.88,14405.013,17034.7293,17328.413699999997,13912.781399999998,15112.337399999999,496.36799999999994,7950.1608,22946.889,23342.501,18741.422,20357.302,668.64,10709.384,27603.806099999998,22162.774199999996,24073.642199999995,790.704,12664.442399999998,22544.867799999996,24488.679799999998,804.3359999999999,12882.781599999998,19661.6756,645.7919999999999,10343.435199999998,701.4719999999999,11235.243199999999,369.02399999999994,0
107,110.76,133.29,157.3,158.28,150.24,158.52,1.04,25.98,14763.2004,17422.548000000003,17531.092800000002,16640.582400000003,17557.6752,115.19040000000001,2877.5448,20966.517,21097.1412,20025.4896,21129.1308,138.6216,3462.8741999999997,24897.444000000003,23632.752000000004,24935.196000000004,163.592,4086.6540000000005,23779.987200000003,25090.5456,164.6112,4112.1144,23816.044800000003,156.24960000000002,3903.2352,164.8608,4118.3496000000005,27.0192,0
108,110.17,144.03,168.14,161.85,141.88,150.35,0.81,24.06,15867.785100000001,18523.983799999998,17831.0145,15630.9196,16564.0595,89.2377,2650.6902,24217.204199999996,23311.2555,20434.9764,21654.910499999998,116.66430000000001,3465.3617999999997,27213.458999999995,23855.703199999996,25279.849,136.1934,4045.4483999999993,22963.278,24334.1475,131.0985,3894.111,21331.658,114.92280000000001,3413.6328,121.7835,3617.421,19.4886,0
109,94.69,108.51,163.1,150.06,131.06,140.97,1.7,3.05,10274.8119,15443.938999999998,14209.1814,12410.0714,13348.4493,160.97299999999998,288.80449999999996,17697.981,16283.010600000001,14221.320600000001,15296.654700000001,184.467,330.9555,24474.786,21375.886,22992.207,277.27,497.4549999999999,19666.8636,21153.9582,255.102,457.683,18475.5282,222.802,399.733,239.649,429.95849999999996,5.185,0
110,118.75,137.7,147.1,161.07,135.01,155.09,2.06,40.34,16351.874999999998,17468.125,19127.0625,16032.437499999998,18416.9375,244.625,4790.375,20255.67,22179.338999999996,18590.876999999997,21355.893,283.662,5554.818,23693.396999999997,19859.970999999998,22813.739,303.026,5934.014,21746.060699999998,24980.3463,331.8042,6497.5638,20938.7009,278.12059999999997,5446.3034,319.4854,6256.3306,83.10040000000001,0
111,117.21,153.47,157.34,165.96,138.07,153.69,6.82,34.84,17988.218699999998,18441.8214,19452.1716,16183.184699999998,18014.0049,799.3722,4083.5964000000004,24146.9698,25469.8812,21189.602899999998,23586.8043,1046.6654,5346.8948,26112.1464,21723.9338,24181.584600000002,1073.0588,5481.725600000001,22914.0972,25506.3924,1131.8472000000002,5782.046400000001,21219.9783,941.6374,4810.3588,1048.1658,5354.5596000000005,237.60880000000003,0
112,121.05,151.53,160.39,158.73,142.44,150.65,3.12,28.14,18342.7065,19415.209499999997,19214.266499999998,17242.362,18236.1825,377.676,3406.347,24303.896699999998,24052.3569,21583.9332,22827.9945,472.77360000000004,4264.0542000000005,25458.704699999995,22845.951599999997,24162.7535,500.41679999999997,4513.3746,22609.5012,23912.6745,495.2376,4466.6622,21458.586,444.4128,4008.2616,470.028,4239.291,87.7968,0
113,120.24,147.66,159.03,160.05,141.08,152.07,3.35,27.75,17754.6384,19121.7672,19244.412,16963.4592,18284.8968,402.804,3336.66,23482.3698,23632.983,20831.8728,22454.656199999998,494.661,4097.565,25452.751500000002,22435.952400000002,24183.6921,532.7505,4413.0825,22579.854000000003,24338.8035,536.1675,4441.387500000001,21454.0356,472.61800000000005,3914.9700000000003,509.4345,4219.9425,92.9625,0
114,112.36,120.05,156.28,164.9,148.22,159.24,5.47,31.34,13488.818,17559.6208,18528.164,16653.9992,17892.2064,614.6092,3521.3624,18761.414,19796.245,17793.810999999998,19116.762000000002,656.6735,3762.3669999999997,25770.572,23163.8216,24886.0272,854.8516,4897.8152,24441.478,26258.676000000003,902.003,5167.966,23602.5528,810.7633999999999,4645.2148,871.0428,4990.5816,171.4298,0
115,162.9,173.47,171.26,178.67,145.35,160.37,2.52,108.53,28258.263,27898.254,29105.343,23677.515,26124.273,410.50800000000004,17679.537,29708.472199999997,30993.884899999997,25213.8645,27819.3839,437.1444,18826.6991,30599.024199999996,24892.640999999996,27464.9662,431.5752,18586.8478,25969.684499999996,28653.3079,450.24839999999995,19391.055099999998,23309.7795,366.282,15774.8355,404.1324,17404.9561,273.4956,0
116,107.75,129.86,171.31,158.69,145.64,152.61,3.33,34.81,13992.415,18458.6525,17098.8475,15692.71,16443.7275,358.8075,3750.7775,22246.316600000002,20607.4834,18912.8104,19817.934600000004,432.4338000000001,4520.426600000001,27185.1839,24949.588399999997,26143.619100000004,570.4623,5963.301100000001,23111.611599999997,24217.680900000003,528.4377,5523.9989000000005,22226.1204,484.98119999999994,5069.7284,508.19130000000007,5312.3541000000005,115.91730000000001,0
117,160.64,169.54,171.45,178.79,149.84,161.61,4.6,95.17,27234.905599999995,27541.727999999996,28720.825599999996,24070.297599999998,25961.0304,738.9439999999998,15288.108799999998,29067.632999999998,30312.056599999996,25403.8736,27399.3594,779.8839999999999,16135.121799999999,30653.545499999997,25690.068,27708.0345,788.6699999999998,16316.896499999999,26789.8936,28894.251900000003,822.4339999999999,17015.4443,24215.642400000004,689.264,14260.2728,743.406,15380.423700000001,437.782,0
118,161.72,168.71,171.67,179.05,149.6,161.04,6.26,95.21,27283.7812,27762.4724,28955.966,24193.311999999998,26043.388799999997,1012.3671999999999,15397.3612,28962.4457,30207.525500000003,25239.016,27169.0584,1056.1246,16062.8791,30737.5135,25681.832,27645.736799999995,1074.6542,16344.700699999998,26785.88,28834.212,1120.853,17047.3505,24091.584,936.496,14243.416,1008.1103999999999,15332.618399999998,596.0146,0
119,164.16,172.49,178.61,178.88,155.45,161.59,11.95,91.1,28315.9584,29320.6176,29364.9408,25518.672,26526.6144,1961.7119999999998,14954.975999999999,30808.438900000005,30855.0112,26813.570499999998,27872.6591,2061.2555,15713.839,31949.756800000003,27764.9245,28861.589900000003,2134.3895,16271.371000000001,27806.895999999997,28905.2192,2137.616,16295.967999999999,25119.1655,1857.6274999999998,14161.494999999999,1931.0004999999999,14720.849,1088.6449999999998,0
120,155.22,177.67,174.63,176.47,149.87,160.03,3.06,113.57,27577.9374,27106.0686,27391.6734,23262.8214,24839.8566,474.9732,17628.3354,31026.512099999996,31353.424899999998,26627.402899999997,28432.5301,543.6702,20177.9819,30816.9561,26171.7981,27946.0389,534.3678,19832.729099999997,26447.5589,28240.4941,539.9982,20041.6979,23983.6961,458.60220000000004,17020.7359,489.6918,18174.607099999997,347.5242,0
121,162.53,174.93,171.3,176.23,146.0,157.66,5.53,97.32,28431.372900000002,27841.389000000003,28642.6619,23729.38,25624.4798,898.7909000000001,15817.4196,29965.509000000002,30827.9139,25539.780000000002,27579.4638,967.3629000000001,17024.1876,30188.199,25009.800000000003,27007.158,947.2890000000001,16670.916,25729.579999999998,27784.421799999996,974.5518999999999,17150.703599999997,23018.36,807.38,14208.72,871.8598000000001,15343.471199999998,538.1795999999999,0
122,136.88,127.7,167.07,160.2,148.36,151.94,21.83,69.93,17479.576,22868.541599999997,21928.176,20307.5168,20797.547199999997,2988.0903999999996,9572.0184,21334.839,20457.539999999997,18945.572000000004,19402.738,2787.691,8930.061000000002,26764.613999999998,24786.5052,25384.6158,3647.1380999999997,11683.205100000001,23767.272,24340.787999999997,3497.1659999999993,11202.786,22541.8184,3238.6988,10374.814800000002,3316.8502,10625.164200000001,1526.5719000000001,0
123,132.45,140.3,167.89,164.38,145.68,152.41,18.65,80.55,18582.735,22237.030499999997,21772.130999999998,19295.316,20186.704499999996,2470.1924999999997,10668.847499999998,23554.967,23062.514000000003,20438.904000000002,21383.123,2616.595,11301.165,27597.758199999997,24458.2152,25588.114899999997,3131.1484999999993,13523.539499999999,23946.8784,25053.1558,3065.687,13240.809,22203.0888,2716.932,11734.524,2842.4464999999996,12276.6255,1502.2575,0
124,161.73,173.42,166.33,174.36,151.27,161.01,16.94,69.16,28047.216599999996,26900.550900000002,28199.2428,24464.8971,26040.147299999997,2739.7062,11185.246799999999,28844.9486,30237.5112,26233.2434,27922.354199999998,2937.7348,11993.7272,29001.298800000004,25160.739100000003,26780.7933,2817.6302000000005,11503.3828,26375.437200000004,28073.7036,2953.6584000000003,12058.7376,24355.9827,2562.5138,10461.833200000001,2727.5094,11135.451599999999,1171.5704,0
125,157.78,152.84,165.57,173.4,151.11,161.96,20.26,66.84,24115.0952,26123.634599999998,27359.052,23842.135800000004,25554.0488,3196.6228,10546.0152,25305.7188,26502.456000000002,23095.652400000003,24753.9664,3096.5384000000004,10215.8256,28709.838,25019.2827,26815.7172,3354.4482000000003,11066.6988,26202.474000000002,28083.864,3513.0840000000003,11590.056,24473.775600000004,3061.4886000000006,10100.192400000002,3281.3096000000005,10825.406400000002,1354.1784000000002,0
126,101.96,107.63,162.36,155.82,145.43,155.15,1.06,35.91,10973.9548,16554.2256,15887.407199999998,14828.0428,15819.094,108.0776,3661.383599999999,17474.806800000002,16770.9066,15652.6309,16698.7945,114.0878,3864.9932999999996,25298.9352,23612.014800000004,25190.154000000002,172.10160000000002,5830.3476,22660.9026,24175.472999999998,165.1692,5595.4962,22563.464500000002,154.15580000000003,5222.391299999999,164.459,5571.4365,38.0646,0
127,139.85,140.97,154.33,139.62,130.29,130.53,5.21,35.26,19714.6545,21583.0505,19525.857,18221.0565,18254.6205,728.6184999999999,4931.111,21755.900100000003,19682.2314,18366.9813,18400.8141,734.4537,4970.602199999999,21547.554600000003,20107.6557,20144.694900000002,804.0593,5441.6758,18191.089799999998,18224.5986,727.4202,4923.0012,17006.753699999997,678.8109,4594.0253999999995,680.0613,4602.4878,183.7046,0
128,112.79,135.49,127.18,147.53,115.74,138.63,3.96,39.95,15281.917100000002,14344.632200000002,16639.9087,13054.3146,15636.0777,446.64840000000004,4505.9605,17231.6182,19988.8397,15681.6126,18782.9787,536.5404,5412.825500000001,18762.865400000002,14719.8132,17630.9634,503.63280000000003,5080.841,17075.122199999998,20452.083899999998,584.2188,5893.8235,16045.036199999999,458.3304,4623.813,548.9748,5538.2685,158.202,0
129,110.97,128.63,170.81,169.07,146.67,155.91,21.5,82.83,14274.0711,18954.7857,18761.6979,16275.969899999998,17301.3327,2385.855,9191.6451,21971.2903,21747.4741,18866.162099999998,20054.703299999997,2765.545,10654.4229,28878.8467,25052.702699999998,26630.9871,3672.415,14148.1923,24797.4969,26359.7037,3635.0049999999997,14004.068099999999,22867.319699999996,3153.4049999999997,12148.676099999999,3352.065,12914.0253,1780.845,0
130,120.58,140.15,130.52,142.03,119.98,138.53,2.29,56.82,16899.287,15738.101600000002,17125.9774,14467.188400000001,16703.9474,276.1282,6851.3556,18292.378,19905.504500000003,16815.197,19414.9795,320.94350000000003,7963.323,18537.7556,15659.789600000002,18080.9356,298.8908,7416.1464000000005,17040.7594,19675.4159,325.2487,8070.1446000000005,16620.829400000002,274.7542,6817.2636,317.2337,7871.2746,130.11780000000002,0
131,118.55,137.39,128.65,140.4,118.1,136.61,2.99,58.57,16287.584499999997,15251.4575,16644.420000000002,14000.755,16195.115500000002,354.46450000000004,6943.4735,17675.2235,19289.556,16225.758999999998,18768.8479,410.79609999999997,8046.9322999999995,18062.460000000003,15193.565,17574.876500000002,384.66350000000006,7535.030500000001,16581.24,19180.044,419.79600000000005,8223.228000000001,16133.641000000001,353.119,6917.116999999999,408.4639000000001,8001.247700000001,175.1243,0
132,95.7,115.23,152.99,165.58,140.42,158.71,12.61,23.34,11027.511,14641.143000000002,15846.006000000001,13438.194,15188.547,1206.777,2233.638,17629.0377,19079.783400000004,16180.596599999999,18288.1533,1453.0502999999999,2689.4682000000003,25332.084200000005,21482.8558,24281.042900000004,1929.2039,3570.7866000000004,23250.743599999998,26279.201800000003,2087.9638,3864.6372,22286.0582,1770.6961999999999,3277.4028,2001.3331,3704.2914,294.31739999999996,0
133,133.91,102.5,138.13,170.26,128.73,158.41,0.02,18.93,13725.775,18496.988299999997,22799.5166,17238.234299999996,21212.6831,2.6782,2534.9163,14158.324999999999,17451.649999999998,13194.824999999999,16237.025,2.05,1940.325,23518.013799999997,17781.474899999997,21881.1733,2.7626,2614.8008999999997,21917.569799999997,26970.886599999998,3.4052,3223.0218,20392.1193,2.5745999999999998,2436.8588999999997,3.1682,2998.7012999999997,0.3786,0
134,112.01,111.58,146.83,143.98,134.98,152.45,1.98,16.22,12498.0758,16446.428300000003,16127.1998,15119.1098,17075.9245,221.7798,1816.8021999999999,16383.291400000002,16065.2884,15061.068399999998,17010.371,220.92839999999998,1809.8275999999998,21140.5834,19819.113400000002,22384.2335,290.7234,2381.5826,19434.420399999995,21949.750999999997,285.0804,2335.3556,20577.700999999997,267.2604,2189.3756,301.851,2472.7389999999996,32.1156,0
135,100.99,116.33,165.18,177.98,148.76,169.56,25.16,34.84,11748.1667,16681.5282,17974.2002,15023.272399999998,17123.8644,2540.9084,3518.4916000000003,19215.3894,20704.413399999998,17305.250799999998,19724.9148,2926.8628,4052.9372000000003,29398.736399999998,24572.1768,28007.9208,4155.928800000001,5754.8712000000005,26476.304799999998,30178.2888,4477.9767999999995,6200.8232,25223.7456,3742.8016,5182.798400000001,4266.1296,5907.470400000001,876.5744000000001,0
136,123.59,125.17,143.03,175.9,134.54,168.25,12.9,31.99,15469.7603,17677.0777,21739.481,16627.7986,20794.0175,1594.3110000000001,3953.6441,17903.0651,22017.403000000002,16840.3718,21059.8525,1614.693,4004.1883,25158.977000000003,19243.2562,24064.7975,1845.087,4575.5297,23665.586,29595.175,2269.11,5627.041,22636.355,1735.566,4303.9346,2170.425,5382.3175,412.671,0
137,129.3,125.25,148.42,148.43,136.94,149.95,3.78,12.56,16194.825,19190.706,19191.999000000003,17706.342,19388.535,488.754,1624.0080000000003,18589.605,18590.857500000002,17151.735,18781.2375,473.445,1573.14,22029.9806,20324.634799999996,22255.578999999998,561.0275999999999,1864.1552,20326.0042,22257.0785,561.0654,1864.2808000000002,20534.153,517.6332,1719.9664,566.8109999999999,1883.3719999999998,47.4768,0
138,113.34,128.69,149.08,146.32,137.01,146.76,0.54,11.54,14585.7246,16896.7272,16583.9088,15528.713399999999,16633.7784,61.20360000000001,1307.9435999999998,19185.1052,18829.9208,17631.816899999998,18886.5444,69.49260000000001,1485.0826,21813.3856,20425.4508,21878.9808,80.5032,1720.3832,20047.3032,21473.923199999997,79.0128,1688.5327999999997,20107.5876,73.9854,1581.0953999999997,79.2504,1693.6103999999998,6.2316,0
139,86.42,106.52,135.56,163.05,136.04,165.35,3.72,21.8,9205.4584,11715.0952,14090.781,11756.576799999999,14289.547,321.48240000000004,1883.9560000000001,14439.8512,17368.086,14490.9808,17613.082,396.25440000000003,2322.136,22103.058,18441.5824,22414.846,504.2832,2955.208,22181.322,26960.3175,606.546,3554.4900000000002,22494.213999999996,506.0688,2965.672,615.102,3604.63,81.096,0
140,132.82,127.81,167.21,154.73,149.75,144.62,7.61,21.71,16975.7242,22208.8322,20551.238599999997,19889.795,19208.4284,1010.7601999999999,2883.5222,21371.1101,19776.0413,19139.5475,18483.8822,972.6341000000001,2774.7551000000003,25872.403299999998,25039.697500000002,24181.910200000002,1272.4681,3630.1291,23170.817499999997,22377.0526,1177.4953,3359.1883,21656.845,1139.5975,3251.0725,1100.5582000000002,3139.7002,165.21310000000003,0
141,122.03,117.99,139.77,162.23,135.55,161.85,1.75,15.99,14398.3197,17056.133100000003,19796.9269,16541.166500000003,19750.5555,213.5525,1951.2597,16491.4623,19141.517699999997,15993.5445,19096.6815,206.4825,1886.6601,22674.8871,18945.823500000002,22621.7745,244.59750000000003,2234.9223,21990.2765,26256.925499999998,283.9025,2594.0577,21938.7675,237.21250000000003,2167.4445,283.2375,2587.9815,27.9825,0
